{"val_loss": [1.4888112843036652, 1.325179287340902, 1.279442078562287, 1.2267834214039945, 1.1456503806793426, 1.1255804788029562, 1.0899857439012481, 1.047279237736446, 1.09455832722765, 1.072703904996749, 1.045789784759636, 1.018313356025892, 1.0246589837891282, 1.0176222820359135, 0.9822167018630262, 0.9694349608714785, 0.9717254983107846, 0.9840512978000746, 0.9655517913881184, 0.9671657268658638, 0.9686054443562179, 0.9458644714564886, 0.9606781657187796, 0.9586386464641674, 0.9388226221593533, 0.9361984340209762, 0.9660335386188621, 0.941679973645005, 0.9433422686908328, 0.9271678498813084, 0.8980032801628113, 0.8901961314750524, 0.8795799157482391, 0.8989039660188994, 0.8972956858181396, 0.8921009658630512, 0.90604981548419, 0.8983755611987584, 0.8963121431214469, 0.8876267972277686, 0.8771762342612821, 0.8922226471560342, 0.8855538011389432, 0.8770161781721603, 0.8949720844716841, 0.8911969547015468, 0.8873994404165361, 0.8966735543559928, 0.8920684970551507, 0.8909431990086429, 0.895140344715642, 0.8914211058816411, 0.8951098581367544, 0.893028277119127, 0.8949038648977338], "val_acc": [0.3989955357142857, 0.47414042187784144, 0.5041895406296473, 0.5189251661713983, 0.5553308292487149, 0.5741115284944263, 0.576711933001794, 0.6038717134120801, 0.581623808156545, 0.5911586247093931, 0.604449581080384, 0.6145622652455652, 0.6125397284108068, 0.6171626697572384, 0.6284310893149984, 0.6301646922940776, 0.638832707318637, 0.6316093614906702, 0.6420109794943086, 0.6362323028112691, 0.638832707318637, 0.6469228546748923, 0.6388327073444696, 0.6498121930164121, 0.6483675238456522, 0.646922854700725, 0.6333429644783602, 0.6443224501761354, 0.6527015313837646, 0.6570870535714286, 0.6727120535714286, 0.6813059809648105, 0.6769719734525309, 0.6769719734525309, 0.675527304281771, 0.6772609072866829, 0.6729268997744031, 0.6772609072866829, 0.6752232142857143, 0.6775498410950022, 0.6807281132706738, 0.6780133928571429, 0.679572377934066, 0.6813059809389779, 0.6769719734266981, 0.6781277087633061, 0.6804391794365219, 0.6749494365876343, 0.6778387749291541, 0.6778387749291541, 0.6769719734266981, 0.6775498410950022, 0.6766830395925462, 0.6769719734266981, 0.6775498410950022], "loss": [1.9139157719910145, 1.5008511847918498, 1.3696250455140324, 1.3042616643639033, 1.2644912100068493, 1.2272094753998863, 1.1910487968014651, 1.16327801883473, 1.1434121963788537, 1.1136327881387782, 1.0889675701387342, 1.0807994905543674, 1.0643253380804916, 1.0444387954684753, 1.036650345138696, 1.0215963515586022, 1.0085316071470773, 1.0012012398592056, 0.9854524661063948, 0.975227102370873, 0.9675489074225139, 0.961785111163788, 0.9534816865152569, 0.9457551980697643, 0.9420908001984005, 0.9273883822266156, 0.9177246337686716, 0.9160030377674026, 0.9090403776331323, 0.9032615319221283, 0.8689657282084227, 0.8601461234663629, 0.8418642208889939, 0.8449709314687028, 0.8439721049290124, 0.836364726634286, 0.8342879009248495, 0.8311587812238951, 0.8373608261879001, 0.8246536378092022, 0.8209728282062949, 0.8213274098400559, 0.8189213096434398, 0.8177073398183139, 0.821896309686764, 0.8193219214806067, 0.8177384035210509, 0.8164556468160002, 0.8189423791398145, 0.8205098019537651, 0.8215978776452206, 0.8186438944695031, 0.8174567341049567, 0.8153925782083185, 0.819173859993525], "acc": [0.29122488839285715, 0.41076239461449343, 0.46425947306609205, 0.4928448969553476, 0.5110737902906834, 0.527238375154754, 0.5399391204050951, 0.5532346663554785, 0.5652706343562661, 0.5731080088420718, 0.5882929218961988, 0.5893775585429221, 0.5970399915652747, 0.6056471082166612, 0.6064518385965192, 0.6120149749812951, 0.6210069626445662, 0.6241209195253377, 0.6292641964628924, 0.6368566529836995, 0.6363668171287788, 0.642734683899669, 0.6437493439405736, 0.6462335117568722, 0.6466533710831363, 0.6517266715629403, 0.6561351946722339, 0.6610685420655281, 0.6607186592616643, 0.6640775340594687, 0.6806989397321429, 0.6846856303472123, 0.6896189776341479, 0.6895490011180041, 0.6894090479960414, 0.691228438471026, 0.6914733564589648, 0.6922780868534211, 0.6884416852678571, 0.6986809418761268, 0.6936076414672286, 0.6954868861607143, 0.6951121374256177, 0.6983310591285705, 0.6971064693244317, 0.6994856723122923, 0.7003603793000546, 0.6975613169296223, 0.6956719498675881, 0.6982960708287893, 0.6951821140189238, 0.6973163990125892, 0.6992757426178784, 0.6998705433867409, 0.6974563521345519]}